{"cameraMode":{"drawMode":0,"name":"Shaded","section":"Shading Mode"},"sceneLighting":false,"audioPlay":false,"sceneViewState":{"showFog":true,"showMaterialUpdate":false,"showSkybox":false,"showFlares":true,"showImageEffects":true,"showParticleSystems":true},"in2DMode":false,"pivot":{"x":1.7881393432617188e-7,"y":1.2173445224761963,"z":-0.0738823413848877},"rotation":{"x":-0.1656215786933899,"y":0.37729549407958987,"z":-0.06877719610929489,"w":-0.9085642099380493},"size":3.1156253814697267,"orthographic":false}